,评论,点赞数,用户名,评论时间和ip地址,预测值,评价类别,ip地址,评论时间
216,预估90个W,9,青 龍,5天前·广东,0.023081916549352877,无意向,广东,2023-04-30 22:22:11
275,沃尔沃EX90国内首发 ，猴哥你好，他们叫我来问一下你，可不可以把阿张介绍给我,2,汤圆媽媽,5天前·安徽,0.18697503607339583,无意向,安徽,2023-04-30 22:22:11
523,9块9包邮不,0,橙子?,2天前·新疆,0.01113680989809751,无意向,新疆,2023-05-03 22:22:11
525,一个冰淇淋干倒了BMW,0,阿军（手机摄影）,2天前·广东,0.1475167155827567,无意向,广东,2023-05-03 22:22:11
271,这多少钱,5,不爱说真话的彭先生,5天前·安徽,0.2991169977924947,无意向,安徽,2023-04-30 22:22:11
270,海外低配六十多，囯内是不是上百了,5,S you,5天前·安徽,0.4954750359237202,无意向,安徽,2023-04-30 22:22:11
526,沃尔沃汽车,0,明天的视界,2天前·广东,0.30562620925372896,无意向,广东,2023-05-03 22:22:11
267,还是得看掏钥匙 开箱那位,8,kkkkkkkr,5天前·安徽,0.19594164981422502,无意向,安徽,2023-04-30 22:22:11
266,车做的再好也没用，关键是价格亲民，才是王道，别的都是在耍流氓,7,大海44652611,5天前·安徽,0.06447584435301545,无意向,安徽,2023-04-30 22:22:11
276,多少钱,2,S you,5天前·安徽,0.2991169977924947,无意向,安徽,2023-04-30 22:22:11
264,我不关注，我肯定买不起,2,天涯海角有穷时,5天前·山东,0.3684939681965167,无意向,山东,2023-04-30 22:22:11
262,还有区长竟然也被充值了。,2,LRC.,5天前·山东,0.1822935693296739,无意向,山东,2023-04-30 22:22:11
530,这车多钱了,1,到,2天前·山西,0.26405430624319237,无意向,山西,2023-05-03 22:22:11
259,为啥沃尔沃哪款车型都不低于20w,2,今天不想上班,5天前·山东,0.0023895177258604905,无意向,山东,2023-04-30 22:22:11
256,沃尔沃不该把蓝色车标改成黑色的,5,JFeng,5天前·山东,0.40187423239273434,无意向,山东,2023-04-30 22:22:11
534,2天前·四川,1,双木冖车,2天前·四川,0.16869158583739796,无意向,四川,2023-05-03 22:22:11
254,竖屏不好看,6,漫步.青岛,5天前·山东,0.2726341781568754,无意向,山东,2023-04-30 22:22:11
535,2天前·四川,0,晨曦之光,2天前·四川,0.16869158583739796,无意向,四川,2023-05-03 22:22:11
250,终极小腾说价格比了个七，可能七十,2,辣椒炒肉,5天前·山东,0.4260809271314252,无意向,山东,2023-04-30 22:22:11
529,就好奇修个灯是不是跟奥迪一样小几万没了,1,麦田捕手,2天前·广东,0.23983404492221683,无意向,广东,2023-05-03 22:22:11
522,车评人都在排队拍摄吗,1,太湖之滨～冰雨,2天前·江苏,0.2627727727121286,无意向,江苏,2023-05-03 22:22:11
278,它喝几号油,2,晨光,5天前·安徽,0.4009745574503534,无意向,安徽,2023-04-30 22:22:11
279,这不是眼这是牙,8,游龙,5天前·天津,0.12420525644979674,无意向,天津,2023-04-30 22:22:11
507,冰淇淋事件百分之98的车评人都是等了这阵风过去了才会出来说两句,0,小白逛重庆,2天前·重庆,0.07750523903317219,无意向,重庆,2023-05-03 22:22:11
303,gs8的大灯还是会,6,零,5天前·北京,0.28491889728176123,无意向,北京,2023-04-30 22:22:11
509,2天前·贵州,0,勇哥＆,2天前·贵州,0.2592823867447467,无意向,贵州,2023-05-03 22:22:11
510,感觉现在随便个电车都吊打比亚迪啊,0,皮皮康鸭,2天前·湖北,0.09249311986584718,无意向,湖北,2023-05-03 22:22:11
298,20万交个朋友行不行,2,山,5天前·吉林,0.22758639739343078,无意向,吉林,2023-04-30 22:22:11
297,一个场地，全国的车评人都门口排队录像,8,谷宇的谷,5天前·吉林,0.022307988818261903,无意向,吉林,2023-04-30 22:22:11
296,同一个地方不同博主,17,WQH,5天前·吉林,0.27692414159026,无意向,吉林,2023-04-30 22:22:11
513,1月11日,1,带我走,2天前·河南,0.04706583190815783,无意向,河南,2023-05-03 22:22:11
294,说车不说价点赞少一半,5,胖胖的稣然,5天前·吉林,0.08560010350976843,无意向,吉林,2023-04-30 22:22:11
292,发布日开始，全网车评人都在赞这车。这波营销，烧钱呀,2,彩钢板.耐力板.,5天前·四川,0.0800496519173326,无意向,四川,2023-04-30 22:22:11
515,新能源车最好还是买品牌的，像奔驰，宝马，奥迪，保时捷，大众等新能源杂牌最好不要碰了,1,朕在努力,2天前·河南,0.007993406175959894,无意向,河南,2023-05-03 22:22:11
290,有一个车评人说的识别600米外，你说250米,2,，,5天前·四川,0.06089682627303716,无意向,四川,2023-04-30 22:22:11
289,5天前·四川,2,有多少爱可以重来,5天前·四川,0.2586695333751592,无意向,四川,2023-04-30 22:22:11
516,猴哥，我是一个打工仔，现在要干装修了，没有车干不了，能帮忙找个三万内的车吗。,4,傻乎乎.,2天前·河南,0.02019916443785974,无意向,河南,2023-05-03 22:22:11
287,5天前·四川,2,雍王爷,5天前·四川,0.2586695333751592,无意向,四川,2023-04-30 22:22:11
517,多少钱,1,用户9604896900177,2天前·河南,0.2991169977924947,无意向,河南,2023-05-03 22:22:11
285,5天前·四川,12,比亚迪那么赚钱，给员工工资很低，我们要多支持比亚迪,5天前·四川,0.2586695333751592,无意向,四川,2023-04-30 22:22:11
284,这车估计得2万多吧,5,戒掉了你,5天前·四川,0.2985823791577954,无意向,四川,2023-04-30 22:22:11
519,猴哥，虎哥，八戒，三大说车博主一起发布了沃尔沃ex90，沃尔沃这是下血本了,1,李主任,2天前·江苏,0.11868874469618773,无意向,江苏,2023-05-03 22:22:11
248,再大的车停你边上也不显大,7,因、果,5天前·山东,0.3822397509639496,无意向,山东,2023-04-30 22:22:11
306,这车真,2,大新,5天前·北京,0.48717661382026956,无意向,北京,2023-04-30 22:22:11
245,我已经不相信沃尔沃的刹车系统了,14,前程似锦,5天前·山东,0.19310138648519837,无意向,山东,2023-04-30 22:22:11
242,10万块可以考虑,11,扬帆起航,5天前·山西,0.3589548140823009,无意向,山西,2023-04-30 22:22:11
205,咋感觉这个车比XC90小呢,7,MR.D,5天前·新疆,0.481375333936767,无意向,新疆,2023-04-30 22:22:11
203,换一个标，就是星越L,23,汇家厨房,5天前·新疆,0.09656357592507381,无意向,新疆,2023-04-30 22:22:11
202,以前有人总问百公里油耗多少，每公里达到几毛钱？现在有没有人问百公里多少度电，每公里几毛钱,5,小马哥回族,5天前·新疆,0.008665981076739993,无意向,新疆,2023-04-30 22:22:11
564,这车伤不起，太高级了,0,面币思过.,1天前·湖北,0.2972945928312052,无意向,湖北,2023-05-04 22:22:11
566,还没上市！,1,得胜的羔羊,1天前·湖北,0.45643754976203943,无意向,湖北,2023-05-04 22:22:11
198,宝马3x电动的落地30都不用 卖的都不好 沃尔沃也来吹牛 虽然我挺喜欢沃尔沃的,2,坦克,5天前·江苏,0.43741221185770374,无意向,江苏,2023-04-30 22:22:11
197,十万左右我可以考虑弄一台,2,漂泊,5天前·江苏,0.36606827422102595,无意向,江苏,2023-04-30 22:22:11
567,多少钱啊？,0,得胜的羔羊,1天前·湖北,0.2991169977924947,无意向,湖北,2023-05-04 22:22:11
562,维修这个灯多少钱？,1,仙桃L+童装店,1天前·湖北,0.041295014291902965,无意向,湖北,2023-05-04 22:22:11
195,这车多少钱,2,杏林居,5天前·江苏,0.26405430624319237,无意向,江苏,2023-04-30 22:22:11
193,直接说价格.高于20万不考虑,15,南瓜一枚,5天前·江苏,0.2518091682354545,无意向,江苏,2023-04-30 22:22:11
569,有没有懂车的哥 30w选啥车,0,七友,1天前·浙江,0.4959563478229697,无意向,浙江,2023-05-04 22:22:11
191,没钱。,6,宿命，是天注定,5天前·江苏,0.17385233707087466,无意向,江苏,2023-04-30 22:22:11
189,终极小腾直接开箱撕膜,1,顾十二,5天前·江苏,0.49876806036803256,无意向,江苏,2023-04-30 22:22:11
186,眨眼只认这个,119,Alu,5天前·江苏,0.40662480413682833,无意向,江苏,2023-04-30 22:22:11
185,是不是每个车评主播都要过一遍这个车？,6,向往~生活,5天前·江西,0.3323721750060392,无意向,江西,2023-04-30 22:22:11
573,1天前·浙江,0,缘缘,1天前·浙江,0.4786488282482958,无意向,浙江,2023-05-04 22:22:11
183,他是我听到介绍的最模糊的一个,2,合欢.,5天前·河北,0.3990526758944839,无意向,河北,2023-04-30 22:22:11
568,眨眼灯没有任何意义。,0,狂人墨客,1天前·海南,0.33036411518802444,无意向,海南,2023-05-04 22:22:11
208,沃尔沃有保姆车吗 如果有安全性应该是最好的,2,哦豁仔,5天前·广西,0.36618811401774676,无意向,广西,2023-04-30 22:22:11
209,最不喜欢就是沃尔沃的尾灯设计难看,2,认真你就输楽,5天前·广西,0.4570861631774389,无意向,广西,2023-04-30 22:22:11
211,你们是排队进去拍车的么,2,撸炉掳鹿卤小鹿,5天前·广西,0.04231566261027875,无意向,广西,2023-04-30 22:22:11
239,要搞就搞成真正的,2,??.??吴哥??,5天前·广东,0.07204719306729057,无意向,广东,2023-04-30 22:22:11
238,反正船机我还是始终相信油的,2,海岛二牛,5天前·广东,0.32591153935161743,无意向,广东,2023-04-30 22:22:11
237,同一个场景，这些人排队介绍，看腻了,2,打哈欠的猫娃子,5天前·广东,0.05861856265138343,无意向,广东,2023-04-30 22:22:11
544,这！白己看不到啊！,1,Kjun,21小时前·广东,0.4054856661638422,无意向,广东,2023-05-05 01:22:11
545,21小时前·云南,1,小蜜蜂,21小时前·云南,0.49960444038332297,无意向,云南,2023-05-05 01:22:11
234,是4S店的常客！真的！,2,凡事靠自己,5天前·广东,0.1664879826439577,无意向,广东,2023-04-30 22:22:11
233,牛哥说的比较专业。有技术性,2,朴草,5天前·广东,0.41338408277645977,无意向,广东,2023-04-30 22:22:11
229,虎哥比较早说这车,2,小白精选好物,5天前·广东,0.32322946670243957,无意向,广东,2023-04-30 22:22:11
550,你要是第二排这样坐几个小时算你厉害,0,影子的天空,1小时前·内蒙古,0.24656295704263875,无意向,内蒙古,2023-05-05 21:22:11
226,不看车标以为是吉利,2,劲歌仔,5天前·广东,0.3784376438864724,无意向,广东,2023-04-30 22:22:11
225,高槁没买,2,甜甜优选&,5天前·广东,0.31490235675761036,无意向,广东,2023-04-30 22:22:11
224,虎哥拍完猴哥拍，猴哥拍完小刚，小刚拍完学好姐拍，学好姐拍完，八戒拍，八戒拍完。。。。。。有请下一位,2,不快乐的肥宅丶,5天前·广东,0.14499041262891688,无意向,广东,2023-04-30 22:22:11
223,钢筋也是环保材质的,2,Empty.,5天前·广东,0.17085190761678426,无意向,广东,2023-04-30 22:22:11
551,居然没拉黑你 再见,1,陳rons,1天前·辽宁,0.32545039882583526,无意向,辽宁,2023-05-04 22:22:11
552,富婆包养,1,110a,1天前·辽宁,0.4737672181921908,无意向,辽宁,2023-05-04 22:22:11
554,这7坐车太矮太小了，跟你对比很明显车小了一号,2,小熊007,1天前·辽宁,0.14176252431616765,无意向,辽宁,2023-05-04 22:22:11
556,有油不买电,1,无聊的猫(^???^),1天前·辽宁,0.20739558384879442,无意向,辽宁,2023-05-04 22:22:11
434,宝妈一枚，不想用对健康有威胁的隔音材质,2,年年有今朝1/5/0,3天前·江西,0.25485109423798913,无意向,江西,2023-05-02 22:22:11
214,刚刷虎哥，又刷猴哥,0,清枫里,5天前·广东,0.09868963572865641,无意向,广东,2023-04-30 22:22:11
243,沃尔沃这波广告，基本上把抖音上所有的汽车博主都覆盖了,3,柴李成粥,5天前·山西,0.2366012261300101,无意向,山西,2023-04-30 22:22:11
506,发动机和底盘，剩下的才是坑,0,喜来乐土耳其大片子,2天前·黑龙江,0.004967330147750637,无意向,黑龙江,2023-05-03 22:22:11
503,@Miss Cher,0,瞎溜达,2小时前·重庆,0.4737672181921908,无意向,重庆,2023-05-05 20:22:11
502,这车抖音车评人都在广而告之。,1,重庆开州,3天前·IP未知,0.07426636335500014,无意向,IP未知,2023-05-02 22:22:11
455,猴哥帮我看下这台车下地多少钱,2,卓先生,3天前·广东,0.3329852145469435,无意向,广东,2023-05-02 22:22:11
456,哥斯拉无视延迟,0,白马顺风车,3天前·广东,0.11242854901069099,无意向,广东,2023-05-02 22:22:11
459,3天前·广东,0,happy天晴,3天前·广东,0.430449644423182,无意向,广东,2023-05-02 22:22:11
460,一切都很满意，但，只差钱,1,brucechen,3天前·广东,0.16981525915417628,无意向,广东,2023-05-02 22:22:11
461,就为了买这个灯么,1,张永清｜德美密胺（芯片餐具）,3天前·广东,0.2650635501720523,无意向,广东,2023-05-02 22:22:11
462,说吧 多少钱,0,77…,3天前·广东,0.19748243176012326,无意向,广东,2023-05-02 22:22:11
463,这车超35万卖不了几台,0,姜太公,3天前·广东,0.4528762274620136,无意向,广东,2023-05-02 22:22:11
464,有30以上预算买车不如合伙订购私人飞机/因飞机平民化离现实不远了,1,玥儿,3天前·广东,0.32805745743188175,无意向,广东,2023-05-02 22:22:11
397,我原来还看到过一辆沃尔沃上有睫毛刷刷，是什么型号忘了，应该是一辆轿车！,1,猴子请来的逗逼,3天前·重庆,0.02482113400815189,无意向,重庆,2023-05-02 22:22:11
386,衣服好洗一下了,0,勇爺,4天前·上海,0.3573911935654377,无意向,上海,2023-05-01 22:22:11
384,4天前·云南,0,烟树,4天前·云南,0.49724553828075757,无意向,云南,2023-05-01 22:22:11
383,4天前·内蒙古,0,老刘,4天前·内蒙古,0.4518151243526525,无意向,内蒙古,2023-05-01 22:22:11
465,沃尔沃就是屏幕不行,0,大哥大姐,3天前·广东,0.22927617100180098,无意向,广东,2023-05-02 22:22:11
466,EX90，我的下一辆车,1,幸福人,3天前·山西,0.32924529254629864,无意向,山西,2023-05-02 22:22:11
380,4天前·四川,0,李先生,4天前·四川,0.2228053714865551,无意向,四川,2023-05-01 22:22:11
379,琪琪倪海杉助理，进库里南展厅了，快去找她,6,P城本地人,4天前·安徽,0.350530575404872,无意向,安徽,2023-05-01 22:22:11
378,猴哥关注您很久了，最近想购买一辆车，不知道您有没有时间帮忙看看，我就在您隔壁的城市马鞍山。感谢。希望可以看见您的回复。,0,点点,4天前·安徽,0.3051975344337712,无意向,安徽,2023-05-01 22:22:11
376,这价格，高于XC90顶配吧估计得,0,一看就是老半仙了,4天前·山东,0.33603003333043446,无意向,山东,2023-05-01 22:22:11
385,4天前·上海,8,没风靠浪,4天前·上海,0.4081992048749735,无意向,上海,2023-05-01 22:22:11
399,电车我只选比亚迪，不要问我为什么？？,1,蓝天用户2371761127658,3天前·重庆,0.3980124551245736,无意向,重庆,2023-05-02 22:22:11
452,这会眨眼加了直接多出20W,0,一定是特别的猿粪,3天前·广西,0.4363521383530259,无意向,广西,2023-05-02 22:22:11
451,买不起，为啥推荐呢,2,宁静,3天前·新疆,0.025192239909239134,无意向,新疆,2023-05-02 22:22:11
430,越来越高级的车,1,救恩永久,3天前·河北,0.3919543694997688,无意向,河北,2023-05-02 22:22:11
427,配件可不便宜,0,雨过天晴！,3天前·河南,0.4005857212089836,无意向,河南,2023-05-02 22:22:11
426,羊绒座椅？夏天不开空调屁股疯狂补水,1,茧.工作室,3天前·河南,0.05351359657654853,无意向,河南,2023-05-02 22:22:11
425,如果是油车，估计不用做广告都卖的可火,1,木子二车,3天前·河南,0.14397349861315856,无意向,河南,2023-05-02 22:22:11
424,价格和特斯拉有一拼了,0,大象爸爸,3天前·河南,0.39334001723290424,无意向,河南,2023-05-02 22:22:11
422,@￥￥￥七彩纺羊绒王阔￥￥,0,七彩纺羊绒－@小崔总,3天前·浙江,0.37165162461671686,无意向,浙江,2023-05-02 22:22:11
439,说的我好像不会眨眼似的,1,虔城阿三勾,3天前·江西,0.11084757966460757,无意向,江西,2023-05-02 22:22:11
441,猴哥40个预算可以拿X5吗？,1,江西宜春二手车批发,3天前·江西,0.3193887020826809,无意向,江西,2023-05-02 22:22:11
416,看起来还是林肯飞行家高级点,1,至秦,3天前·浙江,0.4017584597649325,无意向,浙江,2023-05-02 22:22:11
444,啥车在你旁边都感觉小,1,好运2023,3天前·江苏,0.49880424356930586,无意向,江苏,2023-05-02 22:22:11
445,说一期徐州烧烤！！！作为徐州人,1,孔令怀,3天前·江苏,0.4951284951169561,无意向,江苏,2023-05-02 22:22:11
412,保底跑多少公里？,1,戰,3天前·湖北,0.40844490708468306,无意向,湖北,2023-05-02 22:22:11
411,我突然发现，这些人推的车没一台能走量的。所以我选了五夌，我只配那车,1,凯雯米滴,3天前·湖北,0.1300498980791489,无意向,湖北,2023-05-02 22:22:11
447,小腾为啥每次跑前面,1,时间,3天前·江苏,0.08034037651675363,无意向,江苏,2023-05-02 22:22:11
409,豪车就是豪车,0,雪梅书单,3天前·湖南,0.4737672181921908,无意向,湖南,2023-05-02 22:22:11
408,后备箱不大吧,2,熹翾_,3天前·甘肃,0.06705147922208521,无意向,甘肃,2023-05-02 22:22:11
405,眨眼？见过跃动冲锋吗？,0,浮云敝白日,3天前·福建,0.25004458572427835,无意向,福建,2023-05-02 22:22:11
404,纯电，有钱特斯拉，没钱比亚迪。60几万让我买这玩意儿,0,宫,3天前·辽宁,0.0767060261817839,无意向,辽宁,2023-05-02 22:22:11
450,估计要7-8W,0,ZIZUODUOQING,3天前·柬埔寨,0.34757624653206276,无意向,柬埔寨,2023-05-02 22:22:11
375,好像传祺GS8就是眨眼的,1,酒量很糟,4天前·山东,0.35781425830293645,无意向,山东,2023-05-01 22:22:11
468,2030年成为纯电豪华车企，意味着所有车型全部电动化，这可是走在所有传统车企前列了,1,梦幻西游,3天前·山西,0.23859053665475538,无意向,山西,2023-05-02 22:22:11
470,3天前·山西,0,海亮电瓶销售点,3天前·山西,0.430449644423182,无意向,山西,2023-05-02 22:22:11
371,4天前·山西,0,专业石膏线,4天前·山西,0.4518151243526507,无意向,山西,2023-05-01 22:22:11
338,从一次好多钱,0,一坨,4天前·重庆,0.28996923168447897,无意向,重庆,2023-05-01 22:22:11
337,就怕两百米探测到的不是人,0,深夜一根烟,4天前·重庆,0.4798336788119435,无意向,重庆,2023-05-01 22:22:11
492,3天前·北京,0,用户1377188006893,3天前·北京,0.4669962211280444,无意向,北京,2023-05-02 22:22:11
334,猴哥你好，他们叫我来问一下你，可不可以把阿张介绍给我,0,财源推文,4小时前·山东,0.374403445941613,无意向,山东,2023-05-05 18:22:11
333,告诉我多少，让我死心,0,迷人小黎窝.,4小时前·广东,0.26952662469470656,无意向,广东,2023-05-05 18:22:11
332,羊绒座椅是不是可以光屁股开,0,无为,4小时前·河北,0.13926887828480772,无意向,河北,2023-05-05 18:22:11
331,上海车展有吧,1,用户7552133463381,5天前·IP未知,0.42495927671245237,无意向,IP未知,2023-04-30 22:22:11
330,后面电车布局会比汽油车的消费更高 充电越来越贵 换电瓶可以选3万的5万的10万的 充电有30分钟充满100 20分钟充满200十分钟充满300一次 不选贵的让你不敢开车出门,2,俊哥,5天前·上海,0.2629612069530469,无意向,上海,2023-04-30 22:22:11
325,这次沃尔沃推广费花不少,2,海鷗的天空,5天前·上海,0.38773324088919425,无意向,上海,2023-04-30 22:22:11
324,这车抖音车评人都在广而告之。,51,锦龍,5天前·上海,0.07426636335500014,无意向,上海,2023-04-30 22:22:11
323,这种座椅两年不就发黑了么还不好清洗，容易滋生细菌,19,领衔,5天前·上海,0.004899138131805425,无意向,上海,2023-04-30 22:22:11
321,超过50万就难了,6,维达,5天前·上海,0.375580674093272,无意向,上海,2023-04-30 22:22:11
319,这要多闪几下灯那眼皮眨得过来么,2,抖嘛,5天前·云南,0.2097084643809901,无意向,云南,2023-04-30 22:22:11
499,猴哥能帮我弄一辆两三万自动挡的日系二手车吗！,4,逝去的青春,3天前·上海,0.11588856967935102,无意向,上海,2023-05-02 22:22:11
317,谁都不服，我就服你,6,德吉梅朵,5天前·云南,0.0558194842506341,无意向,云南,2023-04-30 22:22:11
315,有没有油电混动的？,5,庄莫,5天前·云南,0.2126277308011001,无意向,云南,2023-04-30 22:22:11
314,刚看完震哥，八戒，又刷到猴哥,2,小马哥19732,5天前·内蒙古,0.05573724977107375,无意向,内蒙古,2023-04-30 22:22:11
313,刚看完震哥，八戒，又刷到猴哥,2,六个点好物,5天前·内蒙古,0.05573724977107375,无意向,内蒙古,2023-04-30 22:22:11
501,拍摄现场看见你了,0,遇见花卉,3天前·上海,0.3984200482364991,无意向,上海,2023-05-02 22:22:11
341,60 90换这个尾灯我绝对买,1,一如既往,4天前·贵州,0.0027763036480612513,无意向,贵州,2023-05-01 22:22:11
574,30万能买到不？,1,何老师,1天前·河南,0.39120151485646526,无意向,河南,2023-05-04 22:22:11
343,多少钱,0,逆风飞,4天前·福建,0.2991169977924947,无意向,福建,2023-05-01 22:22:11
346,我靠！这两天沃尔沃投了多少流量,0,晓龙,4天前·湖北,0.07464061010745182,无意向,湖北,2023-05-01 22:22:11
471,红旗H9最帅车灯，没有之一。,1,DNF——狼王,3天前·山东,0.26256298925749155,无意向,山东,2023-05-02 22:22:11
368,听说上海车展进不去,0,.....,4天前·广东,0.18003981096706567,无意向,广东,2023-05-01 22:22:11
367,充值说车毫无意义,1,野孩子.,4天前·广东,0.2861652988368305,无意向,广东,2023-05-01 22:22:11
473,沃尔沃是要把所有抖音说车的骗子都买一遍吗,0,曾经绿花之树,3天前·山东,0.2100701667259538,无意向,山东,2023-05-02 22:22:11
474,你是不是感觉我能买得起？,1,华大大,3天前·山东,0.3737286362182801,无意向,山东,2023-05-02 22:22:11
475,你到底来不来淄博吃烧烤，我一直在等你,2,秀客私人订制美发会所,3天前·山东,0.02730359995004128,无意向,山东,2023-05-02 22:22:11
363,这车灯直接凯迪拉克，演都不演了,1,抓得住风吗,4天前·广东,0.48913353690883987,无意向,广东,2023-05-01 22:22:11
477,估计得六十以上,1,蓝魂幽梦,3天前·山东,0.4153168990754269,无意向,山东,2023-05-02 22:22:11
360,猴哥想买车，有没有推荐的,1,遗忘的美好,4天前·江苏,0.49136628742985156,无意向,江苏,2023-05-01 22:22:11
478,多少钱,2,王尚飞,3天前·山东,0.2991169977924947,无意向,山东,2023-05-02 22:22:11
479,为啥看着这么显小呢,0,济南智诚电脑,3天前·山东,0.16795391633957568,无意向,山东,2023-05-02 22:22:11
357,续航为啥不说？,1,和尚洗头用飘柔123,4天前·江苏,0.05895327838060549,无意向,江苏,2023-05-01 22:22:11
481,@志翔优选二手车,1,周可儿萌萌哒,3天前·山东,0.34115662599739793,无意向,山东,2023-05-02 22:22:11
354,劳斯莱斯展馆进不去,8,真石漆,4天前·河南,0.17832377036105584,无意向,河南,2023-05-01 22:22:11
483,得多少钱啊？可得好好几万块钱？,2,老五,3天前·安徽,0.11928806498139655,无意向,安徽,2023-05-02 22:22:11
350,劳斯莱斯能不能进去,1,浩,4天前·浙江,0.06077365429238668,无意向,浙江,2023-05-01 22:22:11
349,4天前·海南,0,中国教练，专业驾校，快速拿证,4天前·海南,0.3820109212349496,无意向,海南,2023-05-01 22:22:11
485,纸老虎,0,鸬鹚,3天前·天津,0.3784894766792528,无意向,天津,2023-05-02 22:22:11
347,白天前大灯能正常闪吗？,0,谦子,4天前·湖北,0.12686284063435338,无意向,湖北,2023-05-01 22:22:11
486,厉害了,0,途虎养车环溪二路店,3天前·四川,0.35964912280701733,无意向,四川,2023-05-02 22:22:11
576,是多少钱啊？,0,@一切随缘@,1天前·河南,0.2991169977924947,无意向,河南,2023-05-04 22:22:11
433,我靠，无论大小说车网红，都再说沃尔沃，这是花了多少广告费啊,0,茕茕孑立,3天前·河北,0.1864440903250647,无意向,河北,2023-05-02 22:22:11
27,师徒四人，怎么天天就看见你了？,2,悦悦吖,6天前·湖北,0.2823942464217476,无意向,湖北,2023-04-29 22:22:11
34,看了虎哥又看猴哥 感觉没啥意思,2,凌晨,6天前·浙江,0.4828126276316195,无意向,浙江,2023-04-29 22:22:11
109,广告费这力度真大,2,精气神儿,5天前·辽宁,0.09431056342624533,无意向,辽宁,2023-04-30 22:22:11
108,看看就行了，买不起,2,·L·,5天前·辽宁,0.2679780809637988,无意向,辽宁,2023-04-30 22:22:11
35,这么好得车违章扣分不,2,@骑在狼上的杨,6天前·河南,0.003117792834025246,无意向,河南,2023-04-29 22:22:11
608,保养时候是不是得买点牙膏 一管肯定不够用,1,Oo???,1天前·北京,0.4559513691598276,无意向,北京,2023-05-04 22:22:11
105,我只能说沃尔沃没少充值啊，猴，晨，还有那个女的和那个都捧，我到底买不买,5,哈哈一笑很倾城,5天前·辽宁,0.160359095806603,无意向,辽宁,2023-04-30 22:22:11
104,2023上海国际车展，猴哥你好，他们叫我来问一下你，可不可以把阿张介绍给我,2,辉姐饰品,5天前·重庆,0.236618009148721,无意向,重庆,2023-04-30 22:22:11
103,5天前·重庆,2,皮卡丘 皮卡皮卡~,5天前·重庆,0.48155748241917185,无意向,重庆,2023-04-30 22:22:11
609,下来多少钱？,0,石同学,1天前·北京,0.2991169977924947,无意向,北京,2023-05-04 22:22:11
101,羊绒坐起不热吗？,2,BOB,5天前·重庆,0.04698391306208605,无意向,重庆,2023-04-30 22:22:11
36,6天前·河南,2,淑贞,6天前·河南,0.24126781173192668,无意向,河南,2023-04-29 22:22:11
99,猴哥你好，他们叫我来问一下你，可不可以把阿张介绍给我,7,众善奉行,5天前·重庆,0.374403445941613,无意向,重庆,2023-04-30 22:22:11
611,1天前·北京,0,淡云阁雨,1天前·北京,0.3994755535410165,无意向,北京,2023-05-04 22:22:11
97,那以后xc90是不是不更新了,2,太阳当空照-Rocky,5天前·陕西,0.10563174812173137,无意向,陕西,2023-04-30 22:22:11
96,油改电吧,2,世人皆过客,5天前·陕西,0.23589347368714486,无意向,陕西,2023-04-30 22:22:11
606,不要乱说，首款纯电车型？我可是沃尔沃供应商,0,瞌睡的毛毛,1天前·四川,0.20690361463208296,无意向,四川,2023-05-04 22:22:11
638,刚买了三十万辆，猜猜做啥用,0,紫光阁主人,13小时前·浙江,0.03916066922295669,无意向,浙江,2023-05-05 09:22:11
33,跟领克08一样,2,浙江省绍兴市欣淏通风设备有限公司,6天前·浙江,0.34622920705282745,无意向,浙江,2023-04-29 22:22:11
111,怎么Volvo EX90怎么全喊网红打广告了,9,AIBW,5天前·贵州,0.28686901294537814,无意向,贵州,2023-04-30 22:22:11
125,沃尔沃EX90国内首发 ，我看了几个视频了，没人说续航的,6,浩浩宝藏屋.罗,5天前·湖南,0.3339131491596655,无意向,湖南,2023-04-30 22:22:11
26,你要不小心碰到一个大灯，换一个大灯，能要你的小命,2,文艺亮(?ω?),6天前·湖北,0.003298643802128076,无意向,湖北,2023-04-29 22:22:11
62,沃尔沃这台车全网车评人都充值了吧，每个车评人都在猛推,2,没有人是多余的,6天前·广东,0.1278639628115853,无意向,广东,2023-04-29 22:22:11
122,刚刚八戒介绍完了,2,开心，快乐每一天。,5天前·甘肃,0.49863204257899185,无意向,甘肃,2023-04-30 22:22:11
121,刷没十分钟抖音，就推了三个这个车的视频,2,喂，蔡不透嗎?,5天前·福建,0.0035591337491266417,无意向,福建,2023-04-30 22:22:11
28,我90年的、开的奔驰E300L顶配的，目前两套房子，4间铺面。我老婆66岁，女儿比我大3岁,2,利隆涂料有限公司,6天前·海南,0.06955684900680692,无意向,海南,2023-04-29 22:22:11
600,比亚迪，你选择了就不会后悔,1,@正在输入…………,1天前·山东,0.17080278193577814,无意向,山东,2023-05-04 22:22:11
601,后屁股跟我胜达一样,0,启晨,1天前·山东,0.2083465576729323,无意向,山东,2023-05-04 22:22:11
29,猴哥，虎哥，八戒，三大说车博主一起发布了沃尔沃ex90，沃尔沃这是下血本了,384,小情绪，,6天前·浙江,0.11868874469618773,无意向,浙江,2023-04-29 22:22:11
30,XC90五十万，EX90会低于50万吗?,7,啊春,6天前·浙江,0.1352630875353863,无意向,浙江,2023-04-29 22:22:11
604,不要说缘，说钱,0,快乐人生,1天前·宁夏,0.1813642663715207,无意向,宁夏,2023-05-04 22:22:11
605,1天前·四川,0,伊芙,1天前·四川,0.16637866507656018,无意向,四川,2023-05-04 22:22:11
114,大數據太可怕了！連續刷到四個同部車的視頻。。。,5,Mr Veggies,5天前·美国,0.026013886595366742,无意向,美国,2023-04-30 22:22:11
113,为什么不做油电混动的,2,陈Cc,5天前·贵州,0.22409592364450936,无意向,贵州,2023-04-30 22:22:11
112,羊绒的夏天热吗,6,南笙浅梦(九亿),5天前·贵州,0.2595683657147584,无意向,贵州,2023-04-30 22:22:11
640,好车不用说，客户口口相传才是最好，一些花里胡哨的功能有啥用，自己也体验不到，给别人看的而已,1,亦木,13小时前·山东,0.12361740957052059,无意向,山东,2023-05-05 09:22:11
126,是不是点评了沃尔沃EX90的车评人才算一线车评人！,5,那么强,5天前·湖南,0.041186652715455296,无意向,湖南,2023-04-30 22:22:11
95,真厉害,2,何大壮,5天前·陕西,0.36361123745201185,无意向,陕西,2023-04-30 22:22:11
93,贵~,71,AndyBeck阔,5天前·陕西,0.48444444444444446,无意向,陕西,2023-04-30 22:22:11
74,6天前·天津,2,爱上雨声,6天前·天津,0.21242606088602345,无意向,天津,2023-04-29 22:22:11
54,我丢 看完虎哥的 看猴哥 之后又看到了八戒的 就差沙师弟了！,2,王心凌.,6天前·广西,0.1550291157685607,无意向,广西,2023-04-29 22:22:11
55,是我妹夫的车,2,南宁鸿鑫汽车贸易,6天前·广西,0.21889667004986813,无意向,广西,2023-04-29 22:22:11
71,奔驰，宝马。奥迪都卖不动电动车。沃尔沃能卖的动？？？？,1,梁子,6天前·安徽,0.08334612360541749,无意向,安徽,2023-04-29 22:22:11
56,猴哥你好，他们叫我来问一下你，可不可以把阿张介绍给我,628,莹 莹,6天前·广东,0.374403445941613,无意向,广东,2023-04-29 22:22:11
70,今天至少有十个以上的说车博主同时发了这个沃尔沃ex90！！沃尔沃推广费真是下血本了,7,毅宝乀,6天前·安徽,0.11835072065051577,无意向,安徽,2023-04-29 22:22:11
624,猴哥，想买一辆二手车，,4,阿离,16小时前·福建,0.05702301916590036,无意向,福建,2023-05-05 06:22:11
57,这应该是他的第二台纯电车型吧，前一台XC60不是纯电的咯,35,Johannes（DJ·kanon学生）,6天前·广东,0.266545469507234,无意向,广东,2023-04-29 22:22:11
68,为啥纯电的车头都不大气,2,壹蓑烟雨任平生,6天前·山东,0.11355314447803455,无意向,山东,2023-04-29 22:22:11
628,这车可以有,0,一年四季都是春,15小时前·辽宁,0.2500000000000001,无意向,辽宁,2023-05-05 07:22:11
59,同一个场景十几个车评人轮流上？,2,小小的太阳,6天前·广东,0.2772341876674367,无意向,广东,2023-04-29 22:22:11
66,刚看完震哥，八戒，又刷到猴哥,2619,? ???????,6天前·山东,0.05573724977107375,无意向,山东,2023-04-29 22:22:11
65,你跟虎哥撞车了,29,嘴巴嘟嘟嘟,6天前·山西,0.1837233963534416,无意向,山西,2023-04-29 22:22:11
60,这个车花了多少钱来请车评人，今天刷到几十个了,2,埃隆马赛克,6天前·广东,0.019211476706928132,无意向,广东,2023-04-29 22:22:11
63,前脸做轿车好看,2,深情的阿黎,6天前·广东,0.21229425232992727,无意向,广东,2023-04-29 22:22:11
75,劳资发觉啥车你都说好，说的天花乱坠的,25,『阿文』,6天前·四川,0.03283951088982762,无意向,四川,2023-04-29 22:22:11
94,5天前·陕西,2,余豆豆???,5天前·陕西,0.41743431316267277,无意向,陕西,2023-04-30 22:22:11
76,这期沃尔沃充值太明显了吧,8,浩有道,6天前·四川,0.3533192396506164,无意向,四川,2023-04-29 22:22:11
51,猴哥太专业了,2,花里胡嘈,6天前·江苏,0.49008376470604087,无意向,江苏,2023-04-29 22:22:11
636,13小时前·贵州,0,农村妹妹,13小时前·贵州,0.44038137733615934,无意向,贵州,2023-05-05 09:22:11
612,八哥这款车多少钱,1,人民币影视,1天前·云南,0.49075515574963724,无意向,云南,2023-05-04 22:22:11
41,说价格吧,2,追逐,6天前·河北,0.42966601113052005,无意向,河北,2023-04-29 22:22:11
42,全网你挣钱我最不眼红,79,那年那月那个夏天,6天前·江西,0.25258981516361223,无意向,江西,2023-04-29 22:22:11
635,无聊,1,37°2,13小时前·陕西,0.2000000000000003,无意向,陕西,2023-05-05 09:22:11
615,我看是龇牙那？？,0,笨你,1天前·上海,0.19329756605972725,无意向,上海,2023-05-04 22:22:11
88,一个灯有啥,0,刘杨,5小时前·湖南,0.26200683635964184,无意向,湖南,2023-05-05 17:22:11
633,沃尔沃终于舍得换内饰了,1,淮南,14小时前·江苏,0.2926235022827959,无意向,江苏,2023-05-05 08:22:11
84,高于38万肯定凉 低于38万蔚来凉！,37,坏掉的充电桩,6天前·北京,0.21110039681435877,无意向,北京,2023-04-29 22:22:11
83,八戒说车是你嘛？,1,IT陈,6天前·北京,0.2198626320488175,无意向,北京,2023-04-29 22:22:11
82,沃尔沃用料良心,1,老杨,6天前·北京,0.39774986356211395,无意向,北京,2023-04-29 22:22:11
81,排第一的，还得是小腾,18,Mr.Moo,6天前·北京,0.3710560693621683,无意向,北京,2023-04-29 22:22:11
49,挂链接。。。,2,边走边爱,6天前·江苏,0.1807095503817303,无意向,江苏,2023-04-29 22:22:11
50,要不要五万块钱,2,独孤求败,6天前·江苏,0.09775720138299526,无意向,江苏,2023-04-29 22:22:11
77,说实在的，你作为一个挺知名的说车人，不管啥车你都说好，真的很跌价,2,陈老大,6天前·四川,0.18146908433804554,无意向,四川,2023-04-29 22:22:11
53,胖哥，在那能买到,2,铜人雷神,6天前·新疆,0.48244778683568157,无意向,新疆,2023-04-29 22:22:11
643,12小时前·辽宁,1,刘书超,12小时前·辽宁,0.48298857343085677,无意向,辽宁,2023-05-05 10:22:11
627,16小时前·广东,0,老爷权,16小时前·广东,0.428566893845847,无意向,广东,2023-05-05 06:22:11
154,猴哥好像你介绍的车没有，不好的都好,30,小鹏,5天前·河南,0.39749883008998466,无意向,河南,2023-04-30 22:22:11
145,能给我整一辆五六千块钱的车又有面子吗？,5,集成吊顶安装,5天前·浙江,0.09339601897040284,无意向,浙江,2023-04-30 22:22:11
170,怎么没介绍一下沃尔沃的安全性,2,冷漠,5天前·河南,0.16874961573633274,无意向,河南,2023-04-30 22:22:11
147,这是下了血本了，都是说这辆车,6,辜负自己,5天前·浙江,0.2383655796867673,无意向,浙江,2023-04-30 22:22:11
148,可不可以理解为买沃尔沃的都相对怕死一点，我是说相对,16,『君義』,5天前·浙江,0.10288295568297734,无意向,浙江,2023-04-30 22:22:11
169,广告费，最终都转加到买这车的客户,2,145725363,5天前·河南,0.06638654402641464,无意向,河南,2023-04-30 22:22:11
149,沃尔沃ex90，沃尔沃这是下血本了,6,波波爱追剧,5天前·浙江,0.4005149975561668,无意向,浙江,2023-04-30 22:22:11
168,沃尔沃汽车，安全第一,2,毛豆爸,5天前·河南,0.3266040249287774,无意向,河南,2023-04-30 22:22:11
10,只要给钱啥都好,1,远方,7小时前·河北,0.44742378171865615,无意向,河北,2023-05-05 15:22:11
9,是不是我们大庆拧的螺丝,1,Pyh字漱铭,7小时前·黑龙江,0.007332682753531716,无意向,黑龙江,2023-05-05 15:22:11
586,买车不要听别人的，自己喜欢就行，我就买的纳智捷Q，别人都说不行，我开了三个月，这车确实不行。,1,北城一男,1天前·江苏,0.02136316414162598,无意向,江苏,2023-05-04 22:22:11
3,终于看到一款内饰不一样的沃尔沃了,1,黄一,9小时前·江苏,0.446882358103613,无意向,江苏,2023-05-05 13:22:11
166,看看ds的灯,2,这首歌是这样唱的,5天前·河南,0.258341934252431,无意向,河南,2023-04-30 22:22:11
153,他的车空间问题太大，浪费尺寸。。。,36,李一,5天前·河南,0.07457424875989649,无意向,河南,2023-04-30 22:22:11
653,最近咋看不到阿张了,1,铭铭爹地,11小时前·河北,0.26248865033897906,无意向,河北,2023-05-05 11:22:11
128,一台50万推广[灵光一闪],2,奶味小萌车品,5天前·湖南,0.2538832501001079,无意向,湖南,2023-04-30 22:22:11
155,买不起,5,杜记胖孩烧烤,5天前·河南,0.2500000000000001,无意向,河南,2023-04-30 22:22:11
164,你就说修起来是不是更特别,2,新时代泥石流,5天前·河南,0.20477832507885452,无意向,河南,2023-04-30 22:22:11
652,等你换电瓶的时候就知道了,0,小张冷链、专业制冷、用心服务！,12小时前·安徽,0.11395766471726465,无意向,安徽,2023-05-05 10:22:11
585,这个内饰，容易脏不？有狗狗要做副驾驶,1,桃花不换酒,1天前·江苏,0.04832463467548709,无意向,江苏,2023-05-04 22:22:11
7,什么沃尔沃，吉利！,2,米陶,8小时前·浙江,0.4737672181921908,无意向,浙江,2023-05-05 14:22:11
157,昨天我都看到你说这个车,6,?杯中烈酒??敬余生???,5天前·河南,0.4915540016511052,无意向,河南,2023-04-30 22:22:11
4,这个高级灰确实高级,1,洁洁洁 洁子,9小时前·山东,0.06825544382968729,无意向,山东,2023-05-05 13:22:11
158,拉黑过的为啥还给推？？,8,阿拉蕾,5天前·河南,0.006360286786374236,无意向,河南,2023-04-30 22:22:11
6,这前脸咋看着有点不协调,1,北平青年,9小时前·北京,0.2450886637053461,无意向,北京,2023-05-05 13:22:11
163,这个车，今天刷屏了，看来充值了不少钱,2,万信皮尺，不锈钢管,5天前·河南,0.15448304862563733,无意向,河南,2023-04-30 22:22:11
159,所有的车评人都在说它,79,沉鸣,5天前·河南,0.24067073542806694,无意向,河南,2023-04-30 22:22:11
160,五块钱能不能买？,5,A、,5天前·河南,0.11408387762270789,无意向,河南,2023-04-30 22:22:11
583,再胖就要,1,H金尊猴,1天前·江苏,0.2685449874359688,无意向,江苏,2023-05-04 22:22:11
165,有啥用吗,2,勿忘我,5天前·河南,0.0625,无意向,河南,2023-04-30 22:22:11
144,我们都没关注啊，广告就广告么,6,明波,5天前·浙江,0.28917943583889794,无意向,浙江,2023-04-30 22:22:11
581,用到关键地方不好吗！！,1,沃赟酉握酷玩,1天前·河南,0.38333278946416804,无意向,河南,2023-05-04 22:22:11
14,这个车和大众的电车同款丑的不行，我都试过了，就是丑,2,陈家公子,6小时前·广东,0.3785089414832009,无意向,广东,2023-05-05 16:22:11
131,在比亚迪面前咋样,1,专业装修沙，砖水泥，出垃圾,5天前·湖北,0.23739388602012923,无意向,湖北,2023-04-30 22:22:11
130,刚看完震哥，八戒，又刷到猴哥,0,千千益益好物,5天前·湖北,0.05573724977107375,无意向,湖北,2023-04-30 22:22:11
132,经理也带推广了,7,爱尚YEBX,5天前·湖北,0.38162643309060884,无意向,湖北,2023-04-30 22:22:11
654,请问怎么评论这次宝马事件,2,小马儿,11小时前·山西,0.06702077791663796,无意向,山西,2023-05-05 11:22:11
177,我也想有一辆,2,陈陈好物,5天前·河北,0.3893921383534421,无意向,河北,2023-04-30 22:22:11
595,牌照能眨眼就好了,0,@阿俊,1天前·广东,0.4992465337847857,无意向,广东,2023-05-04 22:22:11
13,6小时前·陕西,0,听雨,6小时前·陕西,0.46475150957166356,无意向,陕西,2023-05-05 16:22:11
134,别的不说，后排座椅又矮又短的毛病改了没有？,30,挥手,5天前·湖北,0.35317111231463694,无意向,湖北,2023-04-30 22:22:11
596,人人都说电动车不好，每个汽车商都在推出电动车是为什么呢,0,荼荼太美,1天前·广东,0.15462421843946494,无意向,广东,2023-05-04 22:22:11
173,沃尔沃开窍了，知道做广告了,3,隔壁你王叔,5天前·河北,0.3465534949961794,无意向,河北,2023-04-30 22:22:11
175,我家现在xc60 告诉我多少钱 让我死心,7,吃de,5天前·河北,0.15035338875154136,无意向,河北,2023-04-30 22:22:11
135,眼不眨了，就可以卖车啦,2,周游世界,5天前·湖北,0.35447743990849956,无意向,湖北,2023-04-30 22:22:11
17,区长，羊驼，再加上猴哥已经是我连续第三个刷到ex90了,20,过眼云烟,6天前·陕西,0.4922811883462923,无意向,陕西,2023-04-29 22:22:11
2,多少钱,2,用户84406435,9小时前·浙江,0.2991169977924947,无意向,浙江,2023-05-05 13:22:11
137,就问W卖不卖,2,丈母娘指定地板大咖,5天前·湖北,0.023255012739207936,无意向,湖北,2023-04-30 22:22:11
138,猴哥你好，他们叫我来问一下你，可不可以把阿张介绍给我,2,娜姐不淑女,5天前·湖北,0.374403445941613,无意向,湖北,2023-04-30 22:22:11
593,你坐进去，我感觉车都变小了,0,泉必清收藏,1天前·广东,0.44231248870102546,无意向,广东,2023-05-04 22:22:11
172,猴哥，虎哥，八戒，三大说车博主一起发布了沃尔沃ex90，沃尔沃这是下血本了,3,逆流而上，顶风前行,5天前·河北,0.11868874469618773,无意向,河北,2023-04-30 22:22:11
141,刚看完震哥，八戒，又刷到猴哥,2,惹不起的酸菜鱼,5天前·湖北,0.05573724977107375,无意向,湖北,2023-04-30 22:22:11
16,那gs8你不说说？,7,、賀大人a,6天前·陕西,0.34527875471283087,无意向,陕西,2023-04-29 22:22:11
590,花里胡哨一大堆 有啥用？,1,峰少0919,1天前·江苏,0.019287573342480102,无意向,江苏,2023-05-04 22:22:11
15,怎么又给我推送这个胖子！已经列为不感兴趣了,1,永远自由的心,6小时前·上海,0.2910288891029127,无意向,上海,2023-05-05 16:22:11
649,说吧，多少米？让我死心,1,B.blue,12小时前·广东,0.20861923076476285,无意向,广东,2023-05-05 10:22:11
579,我是一个沃尔沃车队，感觉这次是沃尔沃有史以来最大改变,1,无言丶,1天前·河南,0.3984267852356279,无意向,河南,2023-05-04 22:22:11
435,安全细分领域上，沃尔沃为整个行业和普罗大众贡献了,1,那年的咖啡,3天前·江西,0.997620739144981,有意向,江西,2023-05-02 22:22:11
437,XC40用户报道，下一辆窝窝就你了！,0,小叮咚,3天前·江西,0.7847499118563638,有意向,江西,2023-05-02 22:22:11
482,句句不提续航,1,紫罗：DCW,3天前·安徽,0.5560097286804769,有意向,安徽,2023-05-02 22:22:11
476,羊绒的，哈哈哈,1,晚香玉,3天前·山东,0.855948838728563,有意向,山东,2023-05-02 22:22:11
436,安全才是最大的豪华，汽车界能真正意义以“安全”立身的，只有沃尔沃，没有其他！,0,思绪，情绪,3天前·江西,0.5482845692816667,有意向,江西,2023-05-02 22:22:11
480,电车我只选比亚迪……其他都是小弟弟,1,酒品-金顺达回收站,3天前·山东,0.9798811059177533,有意向,山东,2023-05-02 22:22:11
629,真的不错,1,多善多福,15小时前·河北,0.8977399172976486,有意向,河北,2023-05-05 07:22:11
630,值得拥有,1,淼淼,15小时前·河北,0.9501372674577372,有意向,河北,2023-05-05 07:22:11
644,12小时前·湖北,1,神牛25,12小时前·湖北,0.7370206325162788,有意向,湖北,2023-05-05 10:22:11
472,本来挺感兴趣的，一听沃尔沃，算了睡吧,2,老村的幸福生活,3天前·山东,0.6502456600901849,有意向,山东,2023-05-02 22:22:11
642,我记得原来就替网友指导哪个车不能买，现在一直宣导都可以买,1,葛七,12小时前·黑龙江,0.7706453871294692,有意向,黑龙江,2023-05-05 10:22:11
457,车挺炫,1,大河向前奔,3天前·广东,0.9398300872670079,有意向,广东,2023-05-02 22:22:11
458,这里什么话题都有，乐趣多多！,1,宇宙的种子,3天前·广东,0.9609337258197348,有意向,广东,2023-05-02 22:22:11
454,价格高是沃的爱好！还有一爱好就是优惠距大,1,对就是它了,3天前·广西,0.992328403577406,有意向,广西,2023-05-02 22:22:11
645,猴哥，帮我参考一辆车，、，,1,虎，加油,12小时前·江苏,0.6201626840436012,有意向,江苏,2023-05-05 10:22:11
453,喜欢，买不起系列,2,?黄小西?,3天前·广西,0.6615423434080362,有意向,广西,2023-05-02 22:22:11
646,漂亮大气上档次品牌就是品牌,1,小哥,12小时前·广西,0.999673009968588,有意向,广西,2023-05-05 10:22:11
647,有什么用,1,无所谓DK,12小时前·广东,0.5262327818078083,有意向,广东,2023-05-05 10:22:11
648,还得是终极小腾能看呀。,1,帕壮他哥,12小时前·广东,0.8081728030204155,有意向,广东,2023-05-05 10:22:11
641,13小时前·安徽,1,春花秋月,13小时前·安徽,0.9017765139797875,有意向,安徽,2023-05-05 09:22:11
449,确实不错大气好看上档次,2,飞鹰亮亮,3天前·江苏,0.9993600639844542,有意向,江苏,2023-05-02 22:22:11
448,沃尔沃ex90高端大气，配置高，空间大，性能好，值得信赖,2,五木,3天前·江苏,0.9999949897034824,有意向,江苏,2023-05-02 22:22:11
650,我直接拉黑他们了，安静多了,1,Vvvvv,12小时前·广东,0.6904764091034753,有意向,广东,2023-05-05 10:22:11
446,什么价位,2,Joe Hon,3天前·江苏,0.8098159509202455,有意向,江苏,2023-05-02 22:22:11
639,豪车都是人家的，我看看就好,1,快乐无限～,13小时前·广东,0.7782302933096831,有意向,广东,2023-05-05 09:22:11
651,看着不错,1,延喜,12小时前·山东,0.8883605870964454,有意向,山东,2023-05-05 10:22:11
637,抱看,1,Siya～,13小时前·湖北,0.8215824240701256,有意向,湖北,2023-05-05 09:22:11
443,能不能回徐州做一期美食，学学丸子妹,0,w,3天前·江苏,0.8224673345747554,有意向,江苏,2023-05-02 22:22:11
442,有一天你会一个粉丝没有,1,独忆,3天前·江苏,0.58717974165412,有意向,江苏,2023-05-02 22:22:11
467,5个毫米波雷达、8个摄像头、12个超声波雷达和一个激光雷达，够壕够下本,0,Lonely_heart?,3天前·山西,0.9936047363835414,有意向,山西,2023-05-02 22:22:11
440,大品牌值得信赖,0,亦周,3天前·江西,0.994772923510958,有意向,江西,2023-05-02 22:22:11
469,2015年T8车型就已经主动电气化了哦,1,过火,3天前·山西,0.5610435352269021,有意向,山西,2023-05-02 22:22:11
634,功能多了，以后事就多了，简单一点最好了,1,战四儿,14小时前·北京,0.8127592613077503,有意向,北京,2023-05-05 08:22:11
632,安全满分只有沃尔沃了。,1,莫愁前路无知己,15小时前·山东,0.665496594894056,有意向,山东,2023-05-05 07:22:11
438,V90车主表示，心动得很！,0,傲雪凌霜,3天前·江西,0.927438266378346,有意向,江西,2023-05-02 22:22:11
631,国货最好,2,祈祷平安,15小时前·山西,0.7722816629974093,有意向,山西,2023-05-05 07:22:11
575,电车还是国产的好,0,微尘,1天前·河南,0.9790481187240947,有意向,河南,2023-05-04 22:22:11
614,这车老牛逼,1,用户3555568868042,1天前·上海,0.6719431276925301,有意向,上海,2023-05-04 22:22:11
626,@海豹海豹的小柚恩 @儒雅随和的许酱 我最爱的窝窝,1,孤独时代的蓁蓁,16小时前·广东,0.9990971072448933,有意向,广东,2023-05-05 06:22:11
547,20小时前·北京,1,德华,20小时前·北京,0.568374815200727,有意向,北京,2023-05-05 02:22:11
546,车身外观非常的好看，要畅通,2,蓝梦雪,20小时前·天津,0.9873639352307071,有意向,天津,2023-05-05 02:22:11
591,我关注的是，续航多少公里多少钱这个车,1,等玫瑰的爱,1天前·广西,0.7753906693495003,有意向,广西,2023-05-04 22:22:11
592,电车还是BYD,1,砂糖橘001,1天前·广西,0.9519383122671627,有意向,广西,2023-05-04 22:22:11
543,车身外观非常的好看，要畅通,0,顺顺利利的,23小时前·广西,0.9873639352307071,有意向,广西,2023-05-04 23:22:11
542,今天终于见到真人了,0,张堰小胖胖（小皇冠预订中）,2天前·上海,0.9050477038224477,有意向,上海,2023-05-03 22:22:11
594,爱了,1,公子文案,1天前·广东,0.7483050847457626,有意向,广东,2023-05-04 22:22:11
548,这个电脑别如果中了病毒或者被怎么解决,0,火狐M,1小时前·河北,0.7265534998002613,有意向,河北,2023-05-05 21:22:11
541,猴哥本人好Nice,1,Kimi,2天前·上海,0.5817176723447774,有意向,上海,2023-05-03 22:22:11
539,Mini会眨眼,1,茶已,2天前·内蒙古,0.5015998525304305,有意向,内蒙古,2023-05-03 22:22:11
538,猴哥您好,0,杰哥,2天前·内蒙古,0.5333793812956976,有意向,内蒙古,2023-05-03 22:22:11
537,我从一个冰激淋进来的,1,暖宝儿2015,2天前·北京,0.6552685984327619,有意向,北京,2023-05-03 22:22:11
536,这个是在中国生产的吗,1,LowKeyMan,2天前·北京,0.7689967401244472,有意向,北京,2023-05-03 22:22:11
533,还不错，就是太贵了,1,青莲幽梦,2天前·天津,0.8717221333694785,有意向,天津,2023-05-03 22:22:11
532,你好,0,吖,2天前·天津,0.5312500000000001,有意向,天津,2023-05-03 22:22:11
597,没感觉出来炫酷 就感觉儿戏了,1,我是谁？我在哪？,1天前·山西,0.907422419557249,有意向,山西,2023-05-04 22:22:11
540,冰淇凌,1,起个网名都难,2天前·上海,0.8182313426953005,有意向,上海,2023-05-03 22:22:11
549,什么价格,0,?,1小时前·山东,0.5664505672609401,有意向,山东,2023-05-05 21:22:11
589,1天前·江苏,0,爱中医,1天前·江苏,0.5010388743244854,有意向,江苏,2023-05-04 22:22:11
588,这款车安全系统好。,1,未来还有梦,1天前·江苏,0.811446073602616,有意向,江苏,2023-05-04 22:22:11
578,什么价位，说出来让我死心,0,果汁h,1天前·河南,0.5249896688855993,有意向,河南,2023-05-04 22:22:11
580,谁是你兄弟，我是你哥哥,1,…………？,1天前·河南,0.940171070494878,有意向,河南,2023-05-04 22:22:11
572,裤,1,人生苦短，必须性感,1天前·浙江,0.9090909090909091,有意向,浙江,2023-05-04 22:22:11
571,我只能看看听听。,1,用户2449553304727,1天前·浙江,0.7113888178313384,有意向,浙江,2023-05-04 22:22:11
570,不错,0,草千里,1天前·浙江,0.8612132352941176,有意向,浙江,2023-05-04 22:22:11
582,只要有油车，我不会买电车，不要问为什么,1,╭? 曾经沧海???,1天前·河北,0.8164445668269332,有意向,河北,2023-05-04 22:22:11
565,：沃尔沃一切从最大的安全角度考虑。,0,老韩,1天前·湖北,0.6993988484987251,有意向,湖北,2023-05-04 22:22:11
584,上牌能过吗？,0,厚爱,1天前·江苏,0.5,有意向,江苏,2023-05-04 22:22:11
563,感觉空间有点儿挤,0,友吖吖,1天前·湖北,0.5739130496073471,有意向,湖北,2023-05-04 22:22:11
561,值得推荐,1,听风说梦,1天前·湖北,0.8252463304291212,有意向,湖北,2023-05-04 22:22:11
560,灯坏了贼贵,0,白面书生,1天前·湖南,0.6955751605794128,有意向,湖南,2023-05-04 22:22:11
559,按这个节奏下去，变形金刚也快运用到市场了,0,小英子,1天前·福建,0.917635753843306,有意向,福建,2023-05-04 22:22:11
558,我看着怎么像呲牙呐,1,有一个姑娘,1天前·福建,0.6689164389751296,有意向,福建,2023-05-04 22:22:11
557,叫小杨哥把价格打下来,1,鲍你满亿,1天前·福建,0.7624374533747879,有意向,福建,2023-05-04 22:22:11
555,@,1,Mr.冯,1天前·辽宁,0.8333333333333333,有意向,辽宁,2023-05-04 22:22:11
553,有意思,1,用户2898814869763,1天前·辽宁,0.8369565217391306,有意向,辽宁,2023-05-04 22:22:11
587,都是@终极小腾 介绍过的,0,汽车！纺织面料之家~哦哦哦,1天前·江苏,0.9485692347861756,有意向,江苏,2023-05-04 22:22:11
531,价格呢,1,山东枣庄矿山机械设备有限公司,2天前·山东,0.5664505672609401,有意向,山东,2023-05-03 22:22:11
598,车标好肉醉,1,源森森,1天前·山西,0.6458053316080995,有意向,山西,2023-05-04 22:22:11
599,还是老徐是个爷们,0,钢铁是怎样炼成的,1天前·山东,0.7282560153541967,有意向,山东,2023-05-04 22:22:11
528,这个灯装燃油车上就巴适了,1,月@月,2天前·广东,0.9151696377074625,有意向,广东,2023-05-03 22:22:11
498,沃尔沃漂亮,2,强强,3天前·上海,0.8897790741653917,有意向,上海,2023-05-02 22:22:11
619,奈斯,2,秋叶,18小时前·新疆,0.9082846204657966,有意向,新疆,2023-05-05 04:22:11
497,这外观是实习生设计的吗,1,清风图文广告,3天前·云南,0.9538776184065444,有意向,云南,2023-05-02 22:22:11
620,介绍一下宝马吧,1,哥是传说1,18小时前·山东,0.5783944464371586,有意向,山东,2023-05-05 04:22:11
621,可以可以,2,星星辉_,17小时前·福建,0.5262327818078083,有意向,福建,2023-05-05 05:22:11
496,又被充值了,1,暖阳°C,3天前·云南,0.5,有意向,云南,2023-05-02 22:22:11
495,高端大气上档次！,1,宁静致远,3天前·云南,0.9930556682288317,有意向,云南,2023-05-02 22:22:11
494,EX90可能会刷新国人对沃尔沃成熟内敛的认知了，看看这电车本身的卓越动力性能，再加上这配备的成熟智能驾驶,0,咖喱嘛啾啾,3天前·内蒙古,0.9997826420097452,有意向,内蒙古,2023-05-02 22:22:11
493,@这道题我不会做！ @那你报警吧 @执着的自恋狂 @豪弟儿,0,玩儿,3天前·北京,0.9977678667429364,有意向,北京,2023-05-02 22:22:11
622,@,1,M&v甜品店,17小时前·广东,0.8333333333333333,有意向,广东,2023-05-05 05:22:11
623,豪车,1,蔷薇,17小时前·山东,0.5,有意向,山东,2023-05-05 05:22:11
491,这个确实,1,隔壁大哥,3天前·北京,0.6538461538461541,有意向,北京,2023-05-02 22:22:11
490,已经好多大主播充值了,1,鱼竹992,3天前·北京,0.5221157542375153,有意向,北京,2023-05-02 22:22:11
489,比亚迪电车就是好,1,风过叶起叶落,3天前·北京,0.9745190910470024,有意向,北京,2023-05-02 22:22:11
488,3天前·吉林,0,高化君,3天前·吉林,0.8410275226118887,有意向,吉林,2023-05-02 22:22:11
625,猴哥 10以内那辆车最值得入手？,2,用户953642873383,16小时前·广西,0.9210166598919635,有意向,广西,2023-05-05 06:22:11
487,等猴哥说仰望u8,1,九月.有点黑,3天前·四川,0.5126498234555585,有意向,四川,2023-05-02 22:22:11
500,以点赞，望白送,3,记得关注,3天前·上海,0.6369675138971487,有意向,上海,2023-05-02 22:22:11
484,@星如漾,0,你吃不吃糖,3天前·安徽,0.6913930543457991,有意向,安徽,2023-05-02 22:22:11
618,好车会眨眼睛,1,螃蟹吃龙虾,18小时前·湖北,0.7003675920217552,有意向,湖北,2023-05-05 04:22:11
616,大家早上好,2,LlLy,19小时前·黑龙江,0.5129551081188922,有意向,黑龙江,2023-05-05 03:22:11
527,这个车要是能做到50W就很有机会，现在都卷成什么样了,1,Luuuuke,2天前·广东,0.7206801611937327,有意向,广东,2023-05-03 22:22:11
602,1天前·山东,0,木美颜,1天前·山东,0.7131795463936678,有意向,山东,2023-05-04 22:22:11
603,车很漂亮美,1,′,1天前·安徽,0.9870163746265925,有意向,安徽,2023-05-04 22:22:11
524,已经买了xc40纯电，接受它油改电，其他我都挺喜欢的,1,名字是什么不重要了,2天前·广东,0.718671156089042,有意向,广东,2023-05-03 22:22:11
521,修理费越来越高,1,苏北鲜食玉米花菜甘蓝,2天前·江苏,0.6907649319074164,有意向,江苏,2023-05-03 22:22:11
520,高端大气上档次！,1,万,2天前·江苏,0.9930556682288317,有意向,江苏,2023-05-03 22:22:11
518,2天前·河北,0,文文,2天前·河北,0.8400161844075452,有意向,河北,2023-05-03 22:22:11
607,时尚科技,1,希望,1天前·四川,0.9486239661283793,有意向,四川,2023-05-04 22:22:11
514,10万以内的6座车，买什么,0,用户5778382817356,2天前·河南,0.7648333940796104,有意向,河南,2023-05-03 22:22:11
610,卖车的真多,1,～好运来～,1天前·北京,0.5042906456488253,有意向,北京,2023-05-04 22:22:11
512,猴哥 沃尔沃EX90.什么价知道不？,1,健康就是福,2天前·浙江,0.6612077287759545,有意向,浙江,2023-05-03 22:22:11
511,2天前·湖北,1,润生,2天前·湖北,0.6363915027624426,有意向,湖北,2023-05-03 22:22:11
508,讲的好，值得信赖的,1,翟德信,2天前·贵州,0.9956695830304784,有意向,贵州,2023-05-03 22:22:11
613,这是眨眼吗？感觉像咬牙,0,坚守道心看破一切,1天前·上海,0.8310692394389861,有意向,上海,2023-05-04 22:22:11
577,@,1,东北人,1天前·河南,0.8333333333333333,有意向,河南,2023-05-04 22:22:11
505,这个车好，大家都知道了,0,卡哇伊的草帽,2小时前·安徽,0.6392137450338461,有意向,安徽,2023-05-05 20:22:11
504,杠精真多,0,大悟无言,2小时前·山东,0.6935123767023921,有意向,山东,2023-05-05 20:22:11
617,谢谢你给大家的分享,1,英,19小时前·广东,0.8503036316149555,有意向,广东,2023-05-05 03:22:11
0,@影子,0,摩徒,9小时前·黑龙江,0.9101395937607051,有意向,黑龙江,2023-05-05 13:22:11
328,前几天是非凡。这几天又是这个,2,花火,5天前·上海,0.7844022660394965,有意向,上海,2023-04-30 22:22:11
431,沃尔沃汽车高端大气，酷酷酷太牛了,1,淘淘奶奶,3天前·河北,0.9909767298728831,有意向,河北,2023-05-02 22:22:11
180,只有比亚迪,2,向阳而生,5天前·河北,0.5294947133879233,有意向,河北,2023-04-30 22:22:11
179,五万？,2,一朋,5天前·河北,0.5,有意向,河北,2023-04-30 22:22:11
178,轮毂好看,2,夹子驴,5天前·河北,0.7496702136356357,有意向,河北,2023-04-30 22:22:11
176,看起来这车说的挺好，真象你说的哪么好吗,5,xX好物推荐(视频同款在橱窗),5天前·河北,0.9842716511514613,有意向,河北,2023-04-30 22:22:11
174,电车我只选比亚迪，不要问我为什么,7,@王家小院,5天前·河北,0.7796573596765157,有意向,河北,2023-04-30 22:22:11
171,强烈推存沃尔沃出一款沃操商务车,2,我有个好老板,5天前·河南,0.7864309407452177,有意向,河南,2023-04-30 22:22:11
167,这款车有没有油车,2,Jcaabbcc,5天前·河南,0.5529232948760328,有意向,河南,2023-04-30 22:22:11
162,认识你是一种缘分,2,许昌解放路栗不了孙俊霞,5天前·河南,0.971753612169499,有意向,河南,2023-04-30 22:22:11
161,电车不应该主要介绍一下三电系统吗？多少度？续航多少？一无所知,5,勇往～直前,5天前·河南,0.7511454933446792,有意向,河南,2023-04-30 22:22:11
156,不是眨眼，是咬牙,6,用户9405379079778,5天前·河南,0.703610998135094,有意向,河南,2023-04-30 22:22:11
152,不好看！虽,2,易加模型（专注四/五轴电极）,5天前·浙江,0.5650263060554156,有意向,浙江,2023-04-30 22:22:11
151,说个价格让我死心,2,桐子湾～老腊肉,5天前·浙江,0.8265550496661686,有意向,浙江,2023-04-30 22:22:11
150,价格大概在多少？,2,（叫我啊文吧！）,5天前·浙江,0.5951989436127247,有意向,浙江,2023-04-30 22:22:11
146,娶个富婆也出来工作，可以,8,痞子蔡,5天前·浙江,0.5170611211912262,有意向,浙江,2023-04-30 22:22:11
143,电车届，一众豪华品牌都是杂牌，但我为啥觉得沃尔沃可信,7,大鼻子,5天前·浙江,0.5616824664342228,有意向,浙江,2023-04-30 22:22:11
142,感觉作为一台出行用的车而言，这种眨眼睛的功能就像脱了裤子放屁，多此一举。,41,我去,5天前·浙江,0.773991110476402,有意向,浙江,2023-04-30 22:22:11
140,35w,2,琨哥汉普聊房房产咨询,5天前·湖北,0.5,有意向,湖北,2023-04-30 22:22:11
139,猴哥介绍一下多少钱撒,2,胡勇,5天前·湖北,0.6495260113630923,有意向,湖北,2023-04-30 22:22:11
136,外观可以,2,久玩成瘾,5天前·湖北,0.8968481375358165,有意向,湖北,2023-04-30 22:22:11
133,上时候能上这款车的碰撞测试,8,Shawn,5天前·湖北,0.9398439164496248,有意向,湖北,2023-04-30 22:22:11
129,5天前·湖南,2,晓红,5天前·湖南,0.5563350449895317,有意向,湖南,2023-04-30 22:22:11
127,终极小腾第一个开箱的,13,Love Yourself,5天前·湖南,0.5491315388920014,有意向,湖南,2023-04-30 22:22:11
124,5天前·湖南,3,吃草的孺子牛,5天前·湖南,0.5563350449895317,有意向,湖南,2023-04-30 22:22:11
181,沃尔沃最近下血本了 都在推这款车,2,一只见过冬季的夏季虫?,5天前·河北,0.5455728540084738,有意向,河北,2023-04-30 22:22:11
182,电车我只选比亚迪，不要问我为什么,2,gekiss,5天前·河北,0.7796573596765157,有意向,河北,2023-04-30 22:22:11
184,像动物园说车拍一个这样的宣传视频能得到多少钱？哪位知道的给我解解惑,2,抖音一号,5天前·江西,0.6374768770874808,有意向,江西,2023-04-30 22:22:11
187,电车只有特斯拉跟其他,22,肖哥来咯,5天前·江苏,0.9519383122671627,有意向,江苏,2023-04-30 22:22:11
230,5天前·广东,2,迷失芳香,5天前·广东,0.500789371495916,有意向,广东,2023-04-30 22:22:11
228,这座椅,2,马克斯l,5天前·广东,0.7272727272727275,有意向,广东,2023-04-30 22:22:11
227,这款车大气漂亮,2,漂泊在外面打工,5天前·广东,0.9961160475443308,有意向,广东,2023-04-30 22:22:11
222,电车我只选比亚迪，不要问我为什么,2,柠柠带你吃喝玩乐,5天前·广东,0.7796573596765157,有意向,广东,2023-04-30 22:22:11
221,作品拍得不错,2,42446203696,5天前·广东,0.9264473529765492,有意向,广东,2023-04-30 22:22:11
220,我看全网车评人都在推，定价30万，性价比应该很高,11,永不后退，，′,5天前·广东,0.767973240491555,有意向,广东,2023-04-30 22:22:11
219,喷子会说油改电，因为它是传统品牌,26,做翡翠的虎哥,5天前·广东,0.7682723098373668,有意向,广东,2023-04-30 22:22:11
218,沃尔沃前车标，几时能改款，不要那条安全带就好了,5,【隔壁老王】,5天前·广东,0.7742110063183603,有意向,广东,2023-04-30 22:22:11
217,如要买车必买比亚迪,8,晖晖好物,5天前·广东,0.6494569893830134,有意向,广东,2023-04-30 22:22:11
215,现在的电车，越看越像玩具车[吻],6,悦悦国潮优选,5天前·广东,0.9993598802696707,有意向,广东,2023-04-30 22:22:11
213,现在沃尔沃也把大彩电放车里了,3,@????????劉?????,5天前·广东,0.5973761015845234,有意向,广东,2023-04-30 22:22:11
123,同城让我们相遇…,2,指微凉,5天前·甘肃,0.8379107653487592,有意向,甘肃,2023-04-30 22:22:11
212,很吉利,2,谭心,5天前·广西,0.5,有意向,广西,2023-04-30 22:22:11
207,选择沃尔沃，只有一个理由，就是喜欢！正在努力,6,六月的夏天,5天前·广西,0.5480293318674156,有意向,广西,2023-04-30 22:22:11
206,我看了几个视频了，没人说续航的,9,甜心格格,5天前·广西,0.5660801483166574,有意向,广西,2023-04-30 22:22:11
204,@终极小腾 哥，你就说你是不是一手,6,-,5天前·新疆,0.9523297797385329,有意向,新疆,2023-04-30 22:22:11
201,车是好车但是看着这车外观啊 总觉得某些地方真的有点丑,69,D `,5天前·新疆,0.5718543578359075,有意向,新疆,2023-04-30 22:22:11
200,看着不错的样子,2,珍惜现在,5天前·江苏,0.9289882948349252,有意向,江苏,2023-04-30 22:22:11
199,5天前·江苏,2,大海罗，,5天前·江苏,0.6370939798159563,有意向,江苏,2023-04-30 22:22:11
196,我的GS8也会呀,2,午夜穿梭,5天前·江苏,0.5278279627376559,有意向,江苏,2023-04-30 22:22:11
194,沃尔沃，世界上最安全的车,406,爱军,5天前·江苏,0.895753252022284,有意向,江苏,2023-04-30 22:22:11
192,预测多少钱,10,Dor. Zh,5天前·江苏,0.7545276846989957,有意向,江苏,2023-04-30 22:22:11
190,可惜是电车,40,Benson,5天前·江苏,0.9647096682073217,有意向,江苏,2023-04-30 22:22:11
188,虎哥豆豆都拍了,5,哈喽哇,5天前·江苏,0.7613723635997072,有意向,江苏,2023-04-30 22:22:11
210,忙完了再说,2,音响传媒,5天前·广西,0.556630933448545,有意向,广西,2023-04-30 22:22:11
120,支持国货，买车就买比亚迪。,2,梅香正浓,5天前·福建,0.6666987746730694,有意向,福建,2023-04-30 22:22:11
119,贵的一大步,2,忠爱一生,5天前·福建,0.8706802372723764,有意向,福建,2023-04-30 22:22:11
118,这不是吉利几何吗？,2,11111,5天前·福建,0.8605738425877981,有意向,福建,2023-04-30 22:22:11
47,续航呢，最重要的续航,2,C.Y.H,6天前·江苏,0.9586766246859977,有意向,江苏,2023-04-29 22:22:11
46,时尚霸气，内饰豪华，空间宽松，动力強劲,94,、陈腊生,6天前·江苏,0.9810164946947737,有意向,江苏,2023-04-29 22:22:11
45,作者,17,猴哥说车,6天前·江苏,0.6682577565632458,有意向,江苏,2023-04-29 22:22:11
44,猴哥你瘦了,17,吴江汤大少,6天前·江苏,0.9461255965186877,有意向,江苏,2023-04-29 22:22:11
43,[爱慕][爱慕][爱慕],0,禧福人生方正南,6天前·江苏,0.9466333891228236,有意向,江苏,2023-04-29 22:22:11
40,今天，有名的车评人集体撞车了，钱很到位，车的确也很好。,16,念念时光,6天前·河北,0.9049706226936666,有意向,河北,2023-04-29 22:22:11
39,沃尔沃都没有便宜的车,2,随风,6天前·河南,0.622540741772111,有意向,河南,2023-04-29 22:22:11
38,车评人刷到一遍,2,王国鹏,6天前·河南,0.5038349402757107,有意向,河南,2023-04-29 22:22:11
37,这个个理想l8款型差不多,2,建哥(木模，铝膜四项),6天前·河南,0.6355905395660637,有意向,河南,2023-04-29 22:22:11
32,毒辣车评，震哥，然后，你也发出来了。嗯！不错,5,你得努力。,6天前·浙江,0.6686296375186296,有意向,浙江,2023-04-29 22:22:11
31,每一个博主都是念一样的台词。开了多少钱呀？,13,大梦初觉,6天前·浙江,0.521979252649949,有意向,浙江,2023-04-29 22:22:11
48,7座只服唐,2,-.-,6天前·江苏,0.6381434231790591,有意向,江苏,2023-04-29 22:22:11
25,心动的电动车+10086!,58,rxy,6天前·湖北,0.7750176505456855,有意向,湖北,2023-04-29 22:22:11
23,电车我只选比亚迪，不要问我为什么,1511,Mis舒,6天前·湖南,0.7796573596765157,有意向,湖南,2023-04-29 22:22:11
22,6天前·福建,2,宇轩。,6天前·福建,0.7512986568476907,有意向,福建,2023-04-29 22:22:11
21,沃尔沃一直都是中老年人在开。特别现在老款都是中老年人开,1,新,6天前·福建,0.8553800054148627,有意向,福建,2023-04-29 22:22:11
20,一台50万推广,310,hehe,6天前·福建,0.7158171782966631,有意向,福建,2023-04-29 22:22:11
19,为什么电车的功能和配置油车没有，而且质量和型壮都不一样,2,青.涩,6天前·贵州,0.9789161685421709,有意向,贵州,2023-04-29 22:22:11
18,大灯，羊绒座椅是亮点，其他设计没啥能打动我的,2,专业批发搓澡巾,6天前·辽宁,0.8126545956629985,有意向,辽宁,2023-04-29 22:22:11
12,十几万？,2,驾驶人生,7小时前·内蒙古,0.5,有意向,内蒙古,2023-05-05 15:22:11
11,不买电车,1,奔跑的蜗牛,7小时前·江西,0.9153628500788895,有意向,江西,2023-05-05 15:22:11
8,咬牙，眨眼，咬牙，眨眼,0,糊涂→在路上,8小时前·河南,0.9480336265684893,有意向,河南,2023-05-05 14:22:11
5,听介绍很给力，非常喜欢，谢谢推荐！,1,可可爱爱,9小时前·四川,0.9344747601331878,有意向,四川,2023-05-05 13:22:11
1,猴哥，多介绍优质的国产车，当然前提是优质！,1,早安隆回Nics,9小时前·湖南,0.7987390367754165,有意向,湖南,2023-05-05 13:22:11
24,沃尔沃什么时候把中控屏做成横屏的就会大卖,0,泓宇浩瀚,6天前·湖北,0.8789087951964558,有意向,湖北,2023-04-29 22:22:11
231,像20年前的概念车,2,口说无凭君-大圣,5天前·广东,0.6672117338438712,有意向,广东,2023-04-30 22:22:11
52,车在抛媚眼，猴哥在勾引！,2,朋友的酒,6天前·江苏,0.6977939737675273,有意向,江苏,2023-04-29 22:22:11
61,虎哥说雷达距离600米呀，你说少了，还是他说假了,2,小刘,6天前·广东,0.5276192034799617,有意向,广东,2023-04-29 22:22:11
117,好有科技感,2,纸上的彩虹,5天前·福建,0.9187744673860805,有意向,福建,2023-04-30 22:22:11
116,我什么实力，为什么会刷到这种车,6,爱车的小庄,5天前·福建,0.6021961672195606,有意向,福建,2023-04-30 22:22:11
115,@,6,不在乎天长地久，只在乎拥有,5天前·福建,0.8333333333333333,有意向,福建,2023-04-30 22:22:11
110,买两台给我家娃娃玩,2,爱唱歌的娃娃,5天前·辽宁,0.8287263045900687,有意向,辽宁,2023-04-30 22:22:11
107,说完价格 买一台给爱人,5,Kobayashi,5天前·辽宁,0.7258335779544822,有意向,辽宁,2023-04-30 22:22:11
106,好好好好,19,小橙汁,5天前·辽宁,0.6095520461349923,有意向,辽宁,2023-04-30 22:22:11
102,电动车看雅迪,2,聆听风雨,5天前·重庆,0.535856484227819,有意向,重庆,2023-04-30 22:22:11
100,高端大汽上档次、沃尔?豪车、外观设计完美、帅气十足、动力强劲,405,畅畅,5天前·重庆,0.999990607544962,有意向,重庆,2023-04-30 22:22:11
98,这么好的车猴哥已经提了一辆,5,叶子来了,5天前·重庆,0.5368221801289997,有意向,重庆,2023-04-30 22:22:11
92,帅哥早上好，这样的广告真的是播讲的好把车子的外观讲的真实看到你的广告限想买这车，特前是你讲的内配好材质好喜欢的,2,迟淑华,5天前·黑龙江,0.9980406386569198,有意向,黑龙江,2023-04-30 22:22:11
91,电车我只选比亚迪，不要问我为什么,2,滴滴哒,5天前·黑龙江,0.7796573596765157,有意向,黑龙江,2023-04-30 22:22:11
58,猴哥 你瘦了吗。这车真不错哦,2,宝儿爱追剧,6天前·广东,0.9882230403259132,有意向,广东,2023-04-29 22:22:11
90,又款好车实用,5,龍,5天前·黑龙江,0.628910063133442,有意向,黑龙江,2023-04-30 22:22:11
87,推荐越多越不能买,1,小秋,5小时前·福建,0.7065555370896917,有意向,福建,2023-05-05 17:22:11
86,俺还是喜欢S60,2,难得湖涂,6天前·上海,0.6769293492516186,有意向,上海,2023-04-29 22:22:11
85,虎哥8千点赞了,2,狄氏,6天前·内蒙古,0.8714000136891733,有意向,内蒙古,2023-04-29 22:22:11
80,6天前·吉林,1,中华226,6天前·吉林,0.8409302973226699,有意向,吉林,2023-04-29 22:22:11
79,价格9w多英镑，人民币80万左右，实际可能售价100万，花这么多钱买它？,2,马到成功,6天前·四川,0.8202473120670472,有意向,四川,2023-04-29 22:22:11
78,充值到位了，鸡公车都给给你吹出一朵花来,2,小蚂蚁318,6天前·四川,0.9408556665622696,有意向,四川,2023-04-29 22:22:11
73,沃尔沃这波充值不少啊，几乎所有的网红车评人都在吹嘘………………,2,源,6天前·宁夏,0.6585331325103749,有意向,宁夏,2023-04-29 22:22:11
72,电车首先比亚迪,2,腾达农场,6天前·安徽,0.9570628183069609,有意向,安徽,2023-04-29 22:22:11
69,这外观真是接受不了，他的油车挺好看，改成电动完全没感觉了，这前面完全失去了灵魂,17,YOUN-,6天前·安徽,0.9830115952120868,有意向,安徽,2023-04-29 22:22:11
67,这是所有的骑车大博主都被充值了啊,2,温饱哥,6天前·山东,0.7109961036370437,有意向,山东,2023-04-29 22:22:11
64,猴哥车跟你一样帅，杠杠的,2,黄桥,6天前·广东,0.9347043520790694,有意向,广东,2023-04-29 22:22:11
89,你推荐的我都好喜欢 可是…,0,小鱼好物,5小时前·湖北,0.8435513354765496,有意向,湖北,2023-05-05 17:22:11
232,有六座吗,2,我叫一哈哈,5天前·广东,0.5874127495371587,有意向,广东,2023-04-30 22:22:11
235,@,2,壹个人挺好,5天前·广东,0.8333333333333333,有意向,广东,2023-04-30 22:22:11
236,好大气的车呀,2,宝藏少女车饰,5天前·广东,0.6341852196105506,有意向,广东,2023-04-30 22:22:11
387,有幸在工作的时候看到网红,0,没有名字的海,4天前·上海,0.5559167693075201,有意向,上海,2023-05-01 22:22:11
382,@路小北,0,二零丨二零,4天前·北京,0.8725514750372482,有意向,北京,2023-05-01 22:22:11
381,说车还得看终极小腾，直接开箱,3,小小潘,4天前·北京,0.6081800281311904,有意向,北京,2023-05-01 22:22:11
377,羊绒的座椅起球不,0,不愿意透漏姓名的赵先生,4天前·山东,0.5326824920950882,有意向,山东,2023-05-01 22:22:11
374,电池质保吗？东北能开吗,0,酒量很糟,4天前·山东,0.5438613672751141,有意向,山东,2023-05-01 22:22:11
373,会眨眼算什么高科技？,0,正一草房,4天前·山东,0.8725555029100673,有意向,山东,2023-05-01 22:22:11
372,满世界车评人都在舔沃尔沃,1,渡,4天前·山东,0.7489874612198621,有意向,山东,2023-05-01 22:22:11
370,这多少米这个我关心车是爱了,0,没有开过车的司机,4天前·山西,0.9025270843609249,有意向,山西,2023-05-01 22:22:11
369,@脸萌第一人,0,妮子r,4天前·广东,0.915431301695193,有意向,广东,2023-05-01 22:22:11
366,下次再搞个会流泪的,0,@片尾曲,4天前·广东,0.5193542926467695,有意向,广东,2023-05-01 22:22:11
365,要买新能源就要选大品牌、长安、比亚迪等等，，杂牌大众、宝马、沃尔沃等等。,0,上观张,4天前·广东,0.6539123219395606,有意向,广东,2023-05-01 22:22:11
388,3小时前·重庆,0,缘分天注定,3小时前·重庆,0.5297174262242174,有意向,重庆,2023-05-05 19:22:11
364,好有科技感的新能源车,0,五大三粗,4天前·广东,0.5845869968548779,有意向,广东,2023-05-01 22:22:11
361,电车绝对不买，换一次电池伤心死人,0,老吴??2?,4天前·广西,0.89539157448178,有意向,广西,2023-05-01 22:22:11
359,看起来不错,0,微,4天前·江苏,0.8883605870964454,有意向,江苏,2023-05-01 22:22:11
358,我冒昧的问您一句徐州人。您真的懂车吗？说错之处请您包含,1,Ｈ,4天前·江苏,0.6772515019113814,有意向,江苏,2023-05-01 22:22:11
356,不好看,0,洪顺钙业,4天前·江西,0.5650263060554156,有意向,江西,2023-05-01 22:22:11
355,@,1,自渡 不忘初心,4天前·河北,0.8333333333333333,有意向,河北,2023-05-01 22:22:11
353,@江西省智障研究院富主任,0,孙兆泽,4天前·浙江,0.9734024470179413,有意向,浙江,2023-05-01 22:22:11
352,这个啥价位,0,张跑跑,4天前·浙江,0.8098159509202455,有意向,浙江,2023-05-01 22:22:11
351,这车牛逼，科技感十足,1,在远方的公鸡,4天前·浙江,0.9776860606045489,有意向,浙江,2023-05-01 22:22:11
348,4天前·湖北,0,春风又绿江南岸,4天前·湖北,0.7120318528137597,有意向,湖北,2023-05-01 22:22:11
345,挺特别的,0,春哥6108229470559,4天前·湖南,0.7960465563102558,有意向,湖南,2023-05-01 22:22:11
344,这车是很好，价格也是很好的,0,tinaye,4天前·福建,0.798905322203658,有意向,福建,2023-05-01 22:22:11
362,[笑][笑][心][心][心][心][心][心][心],0,用户34573350,4天前·广西,0.9997442934011159,有意向,广西,2023-05-01 22:22:11
342,电车还是国产的好,0,狼图腾,4天前·贵州,0.9790481187240947,有意向,贵州,2023-05-01 22:22:11
389,多少米？,0,柒月,3小时前·河北,0.5038759689922481,有意向,河北,2023-05-05 19:22:11
391,有什么用,0,生活如此多焦,3小时前·广东,0.5262327818078083,有意向,广东,2023-05-05 19:22:11
429,@52Hz,1,脉动的日常,3天前·河南,0.5,有意向,河南,2023-05-02 22:22:11
428,@仰泳的鲸鱼 @purple,0,爱烦烦吖,3天前·河南,0.95912255849128,有意向,河南,2023-05-02 22:22:11
423,直接说个价钱让我死心吧,0,*番茄炒西红柿,3天前·河南,0.8540753033041091,有意向,河南,2023-05-02 22:22:11
421,3天前·浙江,1,老苏,3天前·浙江,0.5473543419560183,有意向,浙江,2023-05-02 22:22:11
420,@萍萍聚好物,0,cllas-,3天前·浙江,0.994107835358535,有意向,浙江,2023-05-02 22:22:11
419,80万起，我买它，我笑了,1,欧尼酱,3天前·浙江,0.9602780953112766,有意向,浙江,2023-05-02 22:22:11
418,电车看多不会去看，技术现在还不成熟，,1,花荣月貌,3天前·浙江,0.9834058528692539,有意向,浙江,2023-05-02 22:22:11
417,电车只认特斯拉、比亚迪，其它都是杂牌,0,瀟猪猪,3天前·浙江,0.9319272020307915,有意向,浙江,2023-05-02 22:22:11
415,刹车怎么样？和我的雅迪那个更优秀一点？,1,杭州特斯拉顺风车（八戒）,3天前·浙江,0.8644491155849797,有意向,浙江,2023-05-02 22:22:11
414,好车,1,用户9903681645839,3天前·浙江,0.5,有意向,浙江,2023-05-02 22:22:11
413,说点关键的东西，续航什么的,0,用户9215984414233,3天前·湖北,0.7849756516390363,有意向,湖北,2023-05-02 22:22:11
390,3小时前·广西,0,广西北海一老王,3小时前·广西,0.7849219501147287,有意向,广西,2023-05-05 19:22:11
410,不怎么漂亮,0,啤酒加烟没有明天,3天前·湖南,0.8209325903508368,有意向,湖南,2023-05-02 22:22:11
406,中国吉利沃尔沃,0,阿苗,3天前·福建,0.692097841525799,有意向,福建,2023-05-02 22:22:11
403,这款车真的不错高端大气上档次值得拥有,1,幸福阳光\，7.,3天前·辽宁,0.9999794380883031,有意向,辽宁,2023-05-02 22:22:11
402,，,3,远方的家,3天前·辽宁,0.5262327818078083,有意向,辽宁,2023-05-02 22:22:11
401,猴哥瘦了一百斤,3,抖音红桃A环球之旅,3天前·重庆,0.7410635776673739,有意向,重庆,2023-05-02 22:22:11
400,中午好，好高端，好大气，值得拥有,1,美,3天前·重庆,0.9908232195571642,有意向,重庆,2023-05-02 22:22:11
398,电车只选特斯拉，不要问我为什么,3,Azmat,3天前·重庆,0.8376298815069615,有意向,重庆,2023-05-02 22:22:11
396,我们买车看中的是优点，也想了解了解缺点。可以吗,0,張～震华??,3天前·陕西,0.9780237229212227,有意向,陕西,2023-05-02 22:22:11
395,仰望U8,1,酒,3天前·陕西,0.574549474228723,有意向,陕西,2023-05-02 22:22:11
394,减肥了,0,微笑乔文龙,3天前·陕西,0.9090909090909091,有意向,陕西,2023-05-02 22:22:11
393,现在的潮流就是那个车跟网红挂钩就后怕,1,天王老子,3天前·青海,0.6446380367792286,有意向,青海,2023-05-02 22:22:11
392,真挺好看的,1,山里人,3天前·黑龙江,0.863915516796863,有意向,黑龙江,2023-05-02 22:22:11
407,车标像个海盗独眼罩,1,A福建 巨霸,3天前·福建,0.8298244848708993,有意向,福建,2023-05-02 22:22:11
432,应该挺贵吧！,1,安氏小公主,3天前·河北,0.7041938960117767,有意向,河北,2023-05-02 22:22:11
340,百万了吧,0,东北李sir,4天前·辽宁,0.8999999999999999,有意向,辽宁,2023-05-01 22:22:11
336,连座椅都是布的,0,老王,4天前·重庆,0.726381182359833,有意向,重庆,2023-05-01 22:22:11
281,对对对,3,史蒂芬-尼古拉斯-杰,5天前·四川,0.5,有意向,四川,2023-04-30 22:22:11
280,汽车大v陆续沦陷看到第四个了……,2,爱的交响曲,5天前·天津,0.938098183796918,有意向,天津,2023-04-30 22:22:11
277,不错,2,三宝好物68,5天前·安徽,0.8612132352941176,有意向,安徽,2023-04-30 22:22:11
274,电瓶车比亚迪好骑。,2,宝贝短剧,5天前·安徽,0.7850332059480155,有意向,安徽,2023-04-30 22:22:11
273,外观真不咋地,5,小李胡,5天前·安徽,0.8234632375080649,有意向,安徽,2023-04-30 22:22:11
272,猴哥你迟到了，我去年都在车世纪看过了,6,海绵宝宝,5天前·安徽,0.9792084135446237,有意向,安徽,2023-04-30 22:22:11
269,这是什么,5,抖音真,5天前·安徽,0.5262327818078083,有意向,安徽,2023-04-30 22:22:11
268,功能越多越容易出毛病,6,朱伯君,5天前·安徽,0.9291940243278448,有意向,安徽,2023-04-30 22:22:11
265,只要路上还有一个加油站，这辈子都不会买电车,6,关羽开飞机,5天前·安徽,0.8268167649619865,有意向,安徽,2023-04-30 22:22:11
263,要是6座就完美了,2,凯风自南?,5天前·山东,0.7925349098610478,有意向,山东,2023-04-30 22:22:11
261,沃尔沃终于开窍了,2,吖吖暴富呀,5天前·山东,0.5353531082374573,有意向,山东,2023-04-30 22:22:11
282,在怎么看都没比亚迪好看,7,杰克,5天前·四川,0.7796744179056109,有意向,四川,2023-04-30 22:22:11
260,这个场景。。区长刚拍完,2,Vincent,5天前·山东,0.6962661804968532,有意向,山东,2023-04-30 22:22:11
257,看着挺不错,6,聂小倩,5天前·山东,0.952740795489763,有意向,山东,2023-04-30 22:22:11
255,续航和价格咋没人说,7,快乐小先生,5天前·山东,0.622025531568768,有意向,山东,2023-04-30 22:22:11
253,值得拥有的车,6,用户626014038988,5天前·山东,0.9412455535358756,有意向,山东,2023-04-30 22:22:11
252,侯哥讲一下他的最亮亮点和他的最优惠的价值,5,金金甄选,5天前·山东,0.7561229023012541,有意向,山东,2023-04-30 22:22:11
251,豪华、时尚、大气,6,难忘的岁月,5天前·山东,0.9850301810453304,有意向,山东,2023-04-30 22:22:11
249,沃尔沃汽车大品牌，值得信赖，支持国货,8,无奈,5天前·山东,0.9941873896617913,有意向,山东,2023-04-30 22:22:11
247,我想听价格，我买车，价格是第一位,9,菜菜菜菜,5天前·山东,0.6591736937562964,有意向,山东,2023-04-30 22:22:11
246,帅呆了,3,黄河,5天前·山东,0.9446067331379783,有意向,山东,2023-04-30 22:22:11
244,沃尔玛下血本了，充了不少钱吧,2,牛蛋蛋,5天前·山西,0.6805163282267007,有意向,山西,2023-04-30 22:22:11
241,高端大气上档次,3,徐...,5天前·山西,0.9930556682288317,有意向,山西,2023-04-30 22:22:11
240,这个品牌广东话怎么读,2,杠精来了！！你惨了,5天前·广东,0.8738650060473685,有意向,广东,2023-04-30 22:22:11
258,沃尔沃，世界上最安全的车,408,追求完美,5天前·山东,0.895753252022284,有意向,山东,2023-04-30 22:22:11
339,92的车一直加95的油有什么危害,0,程伟,4天前·重庆,0.9644633373458682,有意向,重庆,2023-05-01 22:22:11
283,怎么感觉有点吉利车的影子？,5,科行天下1,5天前·四川,0.6504962224570537,有意向,四川,2023-04-30 22:22:11
288,续航多少,2,冰清玉洁,5天前·四川,0.8046488407224759,有意向,四川,2023-04-30 22:22:11
335,车子看着不错，豪华大气。,0,东云,4小时前·吉林,0.8873948446414136,有意向,吉林,2023-05-05 18:22:11
329,买个车，精整些花里胡哨的,2,花火,5天前·上海,0.7019217976456495,有意向,上海,2023-04-30 22:22:11
655,这车在你面前咋跟个玩具一样。,0,子玉,10小时前·山东,0.529192778847569,有意向,山东,2023-05-05 12:22:11
327,瘦了好多,2,水猴王,5天前·上海,0.9390898777140627,有意向,上海,2023-04-30 22:22:11
326,这车绝对的高科技满满,2,弹簧,5天前·上海,0.8546581875658512,有意向,上海,2023-04-30 22:22:11
322,30万想买个烧油车有什么牌子的呀，帮忙介绍一下，不想买电车，用的少,9,用户2982195960736,5天前·上海,0.7672028680286193,有意向,上海,2023-04-30 22:22:11
320,没有米朵介绍的好,2,风*云,5天前·云南,0.7018388343033825,有意向,云南,2023-04-30 22:22:11
318,好漂亮的车子,5,学华,5天前·云南,0.597432360845349,有意向,云南,2023-04-30 22:22:11
316,猴哥说说北京BJ40,5,叫我黄哥,5天前·云南,0.585053192092055,有意向,云南,2023-04-30 22:22:11
312,电车我只选比亚迪，不要问我为什么,2,丫丫暴富,5天前·内蒙古,0.7796573596765157,有意向,内蒙古,2023-04-30 22:22:11
311,好车高挡,5,dyahsyye9ow9,5天前·内蒙古,0.59058599334045,有意向,内蒙古,2023-04-30 22:22:11
286,我想要,2,不晓得,5天前·四川,0.5441789912779675,有意向,四川,2023-04-30 22:22:11
310,嗯，挺漂亮的，设计的不错，值得拥有。,2,用户7092910223112,5天前·北京,0.9997682651689814,有意向,北京,2023-04-30 22:22:11
308,都没人说续航问题,2,溪边的松柏,5天前·北京,0.5338802926990887,有意向,北京,2023-04-30 22:22:11
307,多少米落地,2,文,5天前·北京,0.8510750826256718,有意向,北京,2023-04-30 22:22:11
305,这车不错。重量也够使,2,新的一天,5天前·北京,0.9744477240077989,有意向,北京,2023-04-30 22:22:11
304,这么快就不推别克了,2,小朋友你是否有很多问号.,5天前·北京,0.5454243877843803,有意向,北京,2023-04-30 22:22:11
302,续航多少千米？,6,神秘学大师 Mystery Master,5天前·北京,0.7876101341405222,有意向,北京,2023-04-30 22:22:11
301,猴哥，有没有白色的阿斯顿马丁Vantage,5,陈林,5天前·北京,0.8137537232128546,有意向,北京,2023-04-30 22:22:11
300,我估计 瑞典没有这款电车 瑞典北欧国家冷呀,2,凡星,5天前·吉林,0.9985316077478346,有意向,吉林,2023-04-30 22:22:11
299,价格,2,老刘,5天前·吉林,0.5664505672609401,有意向,吉林,2023-04-30 22:22:11
295,漂亮值得拥有,5,稳步前进,5天前·吉林,0.9935411167635112,有意向,吉林,2023-04-30 22:22:11
293,沃尔沃这次公关做到位了,2,合理伪装,5天前·四川,0.5379672062249087,有意向,四川,2023-04-30 22:22:11
291,共同努力奋斗加油,2,松鼠 影视,5天前·四川,0.9938156422316419,有意向,四川,2023-04-30 22:22:11
309,这车不错,2,王秀琴,5天前·北京,0.8391487662330976,有意向,北京,2023-04-30 22:22:11
656,燃油款就好了,1,夜风铃,10小时前·四川,0.941073327942846,有意向,四川,2023-05-05 12:22:11
